[{
    "name": "Хозяйственные нужды(еда, одежда и т.д.)",
    "grp": "Основные расходы"
}, {
    "name": "Досуг / Отдых",
    "grp": "Основные расходы"
}, {
    "name": "Транспорт",
    "grp": "Основные расходы"
}, {
    "name": "Долги / Разное",
    "grp": "Основные расходы"
}, {
    "name": "Расходы на жизнь(кварплата и т.д.)",
    "grp": "Основные расходы"
}, {
    "name": "Сбережения",
    "grp": "Основные расходы"
}, {
    "name": "Деловые расходы",
    "grp": "Основные расходы"
}, {
    "name": "Налоги",
    "grp": "Основные расходы"
}, {
    "name": "Страхование",
    "grp": "Основные расходы"
}, {
    "name": "Благотворительность",
    "grp": "Основные расходы"
}]